model,feature_set,tail,regime,n,failure_rate,mean_pinball
M0,none,0.01,crisis_2008_2009,505,0.0594059405940594,0.0014003949762801072
M0,none,0.01,elevated_2010_2012,754,0.002652519893899204,0.0005061271291762153
M0,none,0.01,calm_2013_2014,504,0.0,0.0004799512829802314
M0,none,0.01,stress_2015_2016,504,0.007936507936507936,0.0003366307858402233
M0,none,0.01,calm_2017,251,0.0,0.00025215003949956516
M0,none,0.01,spike_2018,123,0.04065040650406504,0.0005502420943750329
M0,none,0.05,crisis_2008_2009,505,0.15643564356435644,0.0035132647525258727
M0,none,0.05,elevated_2010_2012,754,0.034482758620689655,0.0015108252347668144
M0,none,0.05,calm_2013_2014,504,0.001984126984126984,0.0012015766201379802
M0,none,0.05,stress_2015_2016,504,0.03571428571428571,0.0010932740254763688
M0,none,0.05,calm_2017,251,0.01195219123505976,0.0007665636907166504
M0,none,0.05,spike_2018,123,0.10569105691056911,0.0015516375694170175
M0,none,0.1,crisis_2008_2009,505,0.21782178217821782,0.004780671582075565
M0,none,0.1,elevated_2010_2012,754,0.08488063660477453,0.0023050441564243687
M0,none,0.1,calm_2013_2014,504,0.027777777777777776,0.0017198233940759922
M0,none,0.1,stress_2015_2016,504,0.08928571428571429,0.0017101785466325575
M0,none,0.1,calm_2017,251,0.01593625498007968,0.0011061611096470094
M0,none,0.1,spike_2018,123,0.14634146341463414,0.002294358180949584
M1,none,0.01,crisis_2008_2009,505,0.015841584158415842,0.000565767821923515
M1,none,0.01,elevated_2010_2012,754,0.01856763925729443,0.0003883375239947339
M1,none,0.01,calm_2013_2014,504,0.011904761904761904,0.00023463171330170355
M1,none,0.01,stress_2015_2016,504,0.011904761904761904,0.0003159893479783224
M1,none,0.01,calm_2017,251,0.00796812749003984,0.00018661387982501113
M1,none,0.01,spike_2018,123,0.032520325203252036,0.00042915462647907104
M1,none,0.05,crisis_2008_2009,505,0.07722772277227723,0.0022649000019200026
M1,none,0.05,elevated_2010_2012,754,0.06896551724137931,0.0013333235571989788
M1,none,0.05,calm_2013_2014,504,0.05555555555555555,0.0008896638412915682
M1,none,0.05,stress_2015_2016,504,0.05952380952380952,0.001014164818315251
M1,none,0.05,calm_2017,251,0.02390438247011952,0.0005609898489666507
M1,none,0.05,spike_2018,123,0.08943089430894309,0.0013481785738459265
M1,none,0.1,crisis_2008_2009,505,0.13267326732673268,0.003681650306765641
M1,none,0.1,elevated_2010_2012,754,0.11671087533156499,0.002123098362119533
M1,none,0.1,calm_2013_2014,504,0.10317460317460317,0.0014158772661390301
M1,none,0.1,stress_2015_2016,504,0.12301587301587301,0.0016378057801940413
M1,none,0.1,calm_2017,251,0.055776892430278883,0.0008479236250298173
M1,none,0.1,spike_2018,123,0.13821138211382114,0.0020996851115952647
M2,F0,0.01,crisis_2008_2009,505,0.04356435643564356,0.000930709926134969
M2,F0,0.01,elevated_2010_2012,754,0.011936339522546418,0.0003926312561112754
M2,F0,0.01,calm_2013_2014,504,0.003968253968253968,0.0002822333648012509
M2,F0,0.01,stress_2015_2016,504,0.011904761904761904,0.00030715384111173994
M2,F0,0.01,calm_2017,251,0.00398406374501992,0.0001924576215526579
M2,F0,0.01,spike_2018,123,0.04065040650406504,0.0005819443291634327
M2,F0,0.05,crisis_2008_2009,505,0.10495049504950495,0.002573085425399212
M2,F0,0.05,elevated_2010_2012,754,0.04376657824933687,0.0013627285744076513
M2,F0,0.05,calm_2013_2014,504,0.03373015873015873,0.0009227605217597318
M2,F0,0.05,stress_2015_2016,504,0.04563492063492063,0.001045381085506504
M2,F0,0.05,calm_2017,251,0.01593625498007968,0.000626618694950786
M2,F0,0.05,spike_2018,123,0.10569105691056911,0.0014000803126750514
M2,F0,0.1,crisis_2008_2009,505,0.16237623762376238,0.003985772250442451
M2,F0,0.1,elevated_2010_2012,754,0.09549071618037135,0.002131882485436373
M2,F0,0.1,calm_2013_2014,504,0.07539682539682539,0.0014638670945207723
M2,F0,0.1,stress_2015_2016,504,0.10714285714285714,0.001671415127463082
M2,F0,0.1,calm_2017,251,0.03187250996015936,0.0009402454582179832
M2,F0,0.1,spike_2018,123,0.16260162601626016,0.002245369415868371
M2,F1,0.01,crisis_2008_2009,505,0.0297029702970297,0.0010164973890045247
M2,F1,0.01,elevated_2010_2012,754,0.011936339522546418,0.00036175525684337785
M2,F1,0.01,calm_2013_2014,504,0.015873015873015872,0.00024115168181379232
M2,F1,0.01,stress_2015_2016,504,0.011904761904761904,0.00031493637377954647
M2,F1,0.01,calm_2017,251,0.00796812749003984,0.0001892088827753864
M2,F1,0.01,spike_2018,123,0.04878048780487805,0.0005516646272493736
M2,F1,0.05,crisis_2008_2009,505,0.07326732673267326,0.002389929574456573
M2,F1,0.05,elevated_2010_2012,754,0.046419098143236075,0.0013275997123622853
M2,F1,0.05,calm_2013_2014,504,0.06349206349206349,0.0009125055270186034
M2,F1,0.05,stress_2015_2016,504,0.047619047619047616,0.0010043709482312586
M2,F1,0.05,calm_2017,251,0.03187250996015936,0.0005421673764585679
M2,F1,0.05,spike_2018,123,0.08943089430894309,0.0014410416567053723
M2,F1,0.1,crisis_2008_2009,505,0.12871287128712872,0.003681740058564113
M2,F1,0.1,elevated_2010_2012,754,0.09151193633952255,0.0020844894229646044
M2,F1,0.1,calm_2013_2014,504,0.11507936507936507,0.0014218531910330549
M2,F1,0.1,stress_2015_2016,504,0.1111111111111111,0.0016245021755290517
M2,F1,0.1,calm_2017,251,0.07569721115537849,0.0008433460476142092
M2,F1,0.1,spike_2018,123,0.14634146341463414,0.002136576714147977
M2,F2,0.01,crisis_2008_2009,505,0.027722772277227723,0.000997764839476036
M2,F2,0.01,elevated_2010_2012,754,0.023872679045092837,0.0003888850286239934
M2,F2,0.01,calm_2013_2014,504,0.01984126984126984,0.00026549991076187535
M2,F2,0.01,stress_2015_2016,504,0.017857142857142856,0.00031345557676754434
M2,F2,0.01,calm_2017,251,0.01195219123505976,0.0001918645765766361
M2,F2,0.01,spike_2018,123,0.024390243902439025,0.0004869554038302917
M2,F2,0.05,crisis_2008_2009,505,0.07722772277227723,0.002377358262766448
M2,F2,0.05,elevated_2010_2012,754,0.06763925729442971,0.001294022123713022
M2,F2,0.05,calm_2013_2014,504,0.05952380952380952,0.0009571972917867553
M2,F2,0.05,stress_2015_2016,504,0.04365079365079365,0.0010117101386659163
M2,F2,0.05,calm_2017,251,0.027888446215139442,0.0005619189596686992
M2,F2,0.05,spike_2018,123,0.08943089430894309,0.001419309782001039
M2,F2,0.1,crisis_2008_2009,505,0.13465346534653466,0.003693136041168932
M2,F2,0.1,elevated_2010_2012,754,0.11671087533156499,0.00207354116357418
M2,F2,0.1,calm_2013_2014,504,0.1111111111111111,0.0014465416650244305
M2,F2,0.1,stress_2015_2016,504,0.10912698412698413,0.001638118662777742
M2,F2,0.1,calm_2017,251,0.05976095617529881,0.0008672919308709529
M2,F2,0.1,spike_2018,123,0.11382113821138211,0.0021503355956046712
M2,F3,0.01,crisis_2008_2009,505,0.031683168316831684,0.0013026943712027529
M2,F3,0.01,elevated_2010_2012,754,0.023872679045092837,0.00038079339031589894
M2,F3,0.01,calm_2013_2014,504,0.015873015873015872,0.0002382545306776546
M2,F3,0.01,stress_2015_2016,504,0.015873015873015872,0.0003954911992065351
M2,F3,0.01,calm_2017,251,0.00796812749003984,0.0001981354258734392
M2,F3,0.01,spike_2018,123,0.04065040650406504,0.0004768025619883209
M2,F3,0.05,crisis_2008_2009,505,0.07722772277227723,0.002452609738003931
M2,F3,0.05,elevated_2010_2012,754,0.06631299734748011,0.0012963536379622296
M2,F3,0.05,calm_2013_2014,504,0.057539682539682536,0.0009418231712249092
M2,F3,0.05,stress_2015_2016,504,0.0496031746031746,0.0010469612299204675
M2,F3,0.05,calm_2017,251,0.02390438247011952,0.000567940072525769
M2,F3,0.05,spike_2018,123,0.0975609756097561,0.0012874292957666422
M2,F3,0.1,crisis_2008_2009,505,0.12673267326732673,0.0037254796209733577
M2,F3,0.1,elevated_2010_2012,754,0.11936339522546419,0.0020765936558964555
M2,F3,0.1,calm_2013_2014,504,0.1111111111111111,0.0014492001764813457
M2,F3,0.1,stress_2015_2016,504,0.10714285714285714,0.0016482485120709843
M2,F3,0.1,calm_2017,251,0.055776892430278883,0.0008564898191109057
M2,F3,0.1,spike_2018,123,0.15447154471544716,0.002158818717779817
M3,F0,0.01,crisis_2008_2009,505,0.07722772277227723,0.0012203097087246596
M3,F0,0.01,elevated_2010_2012,754,0.015915119363395226,0.00038763496499789337
M3,F0,0.01,calm_2013_2014,504,0.001984126984126984,0.0002521690836512777
M3,F0,0.01,stress_2015_2016,504,0.01984126984126984,0.00034625855446447596
M3,F0,0.01,calm_2017,251,0.00796812749003984,0.0001739860576072017
M3,F0,0.01,spike_2018,123,0.04878048780487805,0.0005539106222238817
M3,F0,0.05,crisis_2008_2009,505,0.09504950495049505,0.002484431408418083
M3,F0,0.05,elevated_2010_2012,754,0.04774535809018567,0.0013523463536974244
M3,F0,0.05,calm_2013_2014,504,0.021825396825396824,0.000941783056852712
M3,F0,0.05,stress_2015_2016,504,0.0496031746031746,0.0010463839328818745
M3,F0,0.05,calm_2017,251,0.035856573705179286,0.0006767453346715699
M3,F0,0.05,spike_2018,123,0.12195121951219512,0.0013158439118835937
M3,F0,0.1,crisis_2008_2009,505,0.12277227722772277,0.0039070612175200045
M3,F0,0.1,elevated_2010_2012,754,0.10212201591511937,0.002198455553775355
M3,F0,0.1,calm_2013_2014,504,0.07539682539682539,0.0014858708443607003
M3,F0,0.1,stress_2015_2016,504,0.10714285714285714,0.0017811249856138417
M3,F0,0.1,calm_2017,251,0.08764940239043825,0.0011636613092176186
M3,F0,0.1,spike_2018,123,0.14634146341463414,0.0020922841163232625
M3,F1,0.01,crisis_2008_2009,505,0.055445544554455446,0.0008256132205513828
M3,F1,0.01,elevated_2010_2012,754,0.026525198938992044,0.00043630780627139967
M3,F1,0.01,calm_2013_2014,504,0.013888888888888888,0.0002858654550480782
M3,F1,0.01,stress_2015_2016,504,0.03373015873015873,0.0003513307583112208
M3,F1,0.01,calm_2017,251,0.01593625498007968,0.00020358239933188448
M3,F1,0.01,spike_2018,123,0.056910569105691054,0.0007737462805789803
M3,F1,0.05,crisis_2008_2009,505,0.07326732673267326,0.00221468884309094
M3,F1,0.05,elevated_2010_2012,754,0.04774535809018567,0.001373239628455977
M3,F1,0.05,calm_2013_2014,504,0.03968253968253968,0.0009476753272315728
M3,F1,0.05,stress_2015_2016,504,0.06349206349206349,0.0010734936310863106
M3,F1,0.05,calm_2017,251,0.027888446215139442,0.0007142075695259095
M3,F1,0.05,spike_2018,123,0.0975609756097561,0.001487613106108024
M3,F1,0.1,crisis_2008_2009,505,0.0891089108910891,0.003800721515172557
M3,F1,0.1,elevated_2010_2012,754,0.09549071618037135,0.002248259731927916
M3,F1,0.1,calm_2013_2014,504,0.09325396825396826,0.0014911603083466148
M3,F1,0.1,stress_2015_2016,504,0.11507936507936507,0.0017987804822422531
M3,F1,0.1,calm_2017,251,0.05179282868525897,0.0012220542136770728
M3,F1,0.1,spike_2018,123,0.16260162601626016,0.002282106734123815
M3,F2,0.01,crisis_2008_2009,505,0.041584158415841586,0.0006632345846870089
M3,F2,0.01,elevated_2010_2012,754,0.026525198938992044,0.00037884070207204956
M3,F2,0.01,calm_2013_2014,504,0.011904761904761904,0.00026525418007146623
M3,F2,0.01,stress_2015_2016,504,0.021825396825396824,0.0003452566914904031
M3,F2,0.01,calm_2017,251,0.01593625498007968,0.00017373501164927657
M3,F2,0.01,spike_2018,123,0.08130081300813008,0.0008922272702311168
M3,F2,0.05,crisis_2008_2009,505,0.06930693069306931,0.0020580634627879483
M3,F2,0.05,elevated_2010_2012,754,0.05968169761273209,0.0013125935588983715
M3,F2,0.05,calm_2013_2014,504,0.04365079365079365,0.0009293482492756643
M3,F2,0.05,stress_2015_2016,504,0.05555555555555555,0.0010737028292512904
M3,F2,0.05,calm_2017,251,0.03187250996015936,0.000737509908225692
M3,F2,0.05,spike_2018,123,0.12195121951219512,0.0017244964347304553
M3,F2,0.1,crisis_2008_2009,505,0.0891089108910891,0.0036324507511694324
M3,F2,0.1,elevated_2010_2012,754,0.11538461538461539,0.002146396665354328
M3,F2,0.1,calm_2013_2014,504,0.0873015873015873,0.0015335551386209175
M3,F2,0.1,stress_2015_2016,504,0.10119047619047619,0.001785400563185656
M3,F2,0.1,calm_2017,251,0.055776892430278883,0.0013497535368613776
M3,F2,0.1,spike_2018,123,0.16260162601626016,0.002513629113239312
M3,F3,0.01,crisis_2008_2009,505,0.039603960396039604,0.0007618240404016357
M3,F3,0.01,elevated_2010_2012,754,0.01989389920424403,0.00036387304239656013
M3,F3,0.01,calm_2013_2014,504,0.00992063492063492,0.00027087480259060107
M3,F3,0.01,stress_2015_2016,504,0.023809523809523808,0.0003396567521031644
M3,F3,0.01,calm_2017,251,0.00398406374501992,0.00018482532501633875
M3,F3,0.01,spike_2018,123,0.06504065040650407,0.000895521712599454
M3,F3,0.05,crisis_2008_2009,505,0.07128712871287128,0.0021707425886132482
M3,F3,0.05,elevated_2010_2012,754,0.054376657824933686,0.0012880201662516218
M3,F3,0.05,calm_2013_2014,504,0.04563492063492063,0.0009310841234204487
M3,F3,0.05,stress_2015_2016,504,0.06547619047619048,0.001059978434146421
M3,F3,0.05,calm_2017,251,0.0199203187250996,0.0006863557564790913
M3,F3,0.05,spike_2018,123,0.11382113821138211,0.0017535198479987847
M3,F3,0.1,crisis_2008_2009,505,0.09504950495049505,0.0037504955446035523
M3,F3,0.1,elevated_2010_2012,754,0.11007957559681697,0.0021455915718821147
M3,F3,0.1,calm_2013_2014,504,0.07738095238095238,0.001540063735436799
M3,F3,0.1,stress_2015_2016,504,0.09722222222222222,0.0017487213017692487
M3,F3,0.1,calm_2017,251,0.06374501992031872,0.0012136432682508004
M3,F3,0.1,spike_2018,123,0.17073170731707318,0.0024928207191252374
M4,none,0.01,crisis_2008_2009,505,0.02178217821782178,0.000539124966151024
M4,none,0.01,elevated_2010_2012,754,0.017241379310344827,0.0003659246513444232
M4,none,0.01,calm_2013_2014,504,0.007936507936507936,0.00022805477982934053
M4,none,0.01,stress_2015_2016,504,0.007936507936507936,0.00030472577363543354
M4,none,0.01,calm_2017,251,0.01195219123505976,0.00018524936739440373
M4,none,0.01,spike_2018,123,0.024390243902439025,0.0003190417080651447
M4,none,0.05,crisis_2008_2009,505,0.07920792079207921,0.0021869606958232007
M4,none,0.05,elevated_2010_2012,754,0.0649867374005305,0.0013112064142801634
M4,none,0.05,calm_2013_2014,504,0.05555555555555555,0.0008719699296518535
M4,none,0.05,stress_2015_2016,504,0.06746031746031746,0.0009805489016272918
M4,none,0.05,calm_2017,251,0.0199203187250996,0.0005576526350699693
M4,none,0.05,spike_2018,123,0.08943089430894309,0.001230524257847281
M4,none,0.1,crisis_2008_2009,505,0.13663366336633664,0.003621763983193153
M4,none,0.1,elevated_2010_2012,754,0.10742705570291777,0.002089686995430084
M4,none,0.1,calm_2013_2014,504,0.09523809523809523,0.001404750030566097
M4,none,0.1,stress_2015_2016,504,0.11507936507936507,0.0016119588794148022
M4,none,0.1,calm_2017,251,0.05179282868525897,0.0008596268483730832
M4,none,0.1,spike_2018,123,0.13008130081300814,0.0020287311904169177
M5,F3,0.01,crisis_2008_2009,505,0.100990099009901,0.002098868438999777
M5,F3,0.01,elevated_2010_2012,754,0.026525198938992044,0.0004250948550278849
M5,F3,0.01,calm_2013_2014,504,0.011904761904761904,0.00022854736480076613
M5,F3,0.01,stress_2015_2016,504,0.017857142857142856,0.00033307187075671396
M5,F3,0.01,calm_2017,251,0.01195219123505976,0.0001767206183173751
M5,F3,0.01,spike_2018,123,0.056910569105691054,0.0006895148902478105
M5,F3,0.05,crisis_2008_2009,505,0.13267326732673268,0.00333723795743017
M5,F3,0.05,elevated_2010_2012,754,0.050397877984084884,0.0013509194057277987
M5,F3,0.05,calm_2013_2014,504,0.05357142857142857,0.000857844988036342
M5,F3,0.05,stress_2015_2016,504,0.047619047619047616,0.0010215946480586534
M5,F3,0.05,calm_2017,251,0.027888446215139442,0.0005555699633343281
M5,F3,0.05,spike_2018,123,0.12195121951219512,0.0014423778420988129
M5,F3,0.1,crisis_2008_2009,505,0.15643564356435644,0.004423025364159169
M5,F3,0.1,elevated_2010_2012,754,0.129973474801061,0.0021632628065845106
M5,F3,0.1,calm_2013_2014,504,0.16468253968253968,0.00149533058153955
M5,F3,0.1,stress_2015_2016,504,0.11904761904761904,0.0016562349107366225
M5,F3,0.1,calm_2017,251,0.05976095617529881,0.0008156361000713126
M5,F3,0.1,spike_2018,123,0.17886178861788618,0.0021789050377672295
